"Name","Description"
"Abarim","Abarim is a mountain range in Moab, east of the Jordan River, from which Moses viewed the Promised Land before his death."
"Achaia","Achaia was a region in southern Greece, frequently mentioned in the New Testament as an area where Paul preached and established churches."
"Achzib","Achzib was a town in the territory of Judah, known for being a place of deceit, mentioned in the prophecies of Micah."
"Adadah","Adadah was a town in the southern region of Judah, mentioned in the list of cities in the Book of Joshua."
"Adamah","Adamah was a fortified city in the territory of Naphtali, mentioned in the list of cities in the Book of Joshua."
"Ajalon","Ajalon was a valley and a city in the territory of Dan, where Joshua defeated the Amorites, mentioned in Joshua."
"Arabah","The Arabah is a desert region extending from the Dead Sea to the Gulf of Aqaba, mentioned in various books of the Old Testament."
"Arabia","Arabia is a large region in the Arabian Peninsula, mentioned in connection with Paul’s time after his conversion, mentioned in Galatians."
"Ararat","Ararat is a mountainous region in eastern Turkey, traditionally believed to be the resting place of Noah’s Ark, mentioned in Genesis."
"Aridai","Aridai was one of the ten sons of Haman who were killed by the Jews during their defense against the Persian plot to annihilate them, mentioned in the Book of Esther."
"Arisai","Arisai was one of the ten sons of Haman who were killed by the Jews during their defense against the Persian plot to annihilate them, mentioned in the Book of Esther."
"Arphad","Arphad was a city in Syria, frequently mentioned in prophecies concerning its destruction, particularly in the Book of Isaiah."
"Arumah","Arumah was a city near Shechem, where Abimelech lived after being made king, mentioned in the Book of Judges."
"Ashdod","Ashdod was one of the five principal cities of the Philistines, known for the capture of the Ark of the Covenant, mentioned in 1 Samuel."
"Ashnah","Ashnah was a town in the territory of Judah, mentioned in the list of cities in the Book of Joshua."
"Athach","Athach is a location in southern Judah to which David sent spoils from his victories over the Amalekites. It is one of the places where David distributed gifts to those who supported him."
"Athens","Athens is a significant city in Greece known for its philosophical heritage. In the New Testament, it is where the Apostle Paul delivered his famous sermon at the Areopagus, challenging the Athenians’ worship of unknown gods and introducing them to the concept of the ‘Unknown God’ as the one true God (Acts 17) ."
"Atroth","Atroth is mentioned in Numbers 32:35 as a city built by the tribe of Gad in the land of Gilead, east of the Jordan River. It is one of the towns fortified by the Gadites after they received this land as part of their inheritance."
"Azekah","Azekah is a town in the Shephelah (lowlands) of Judah mentioned in several biblical passages. It was the site of the battle where Joshua and the Israelites defeated the Amorite kings, and it was one of the cities fortified by Rehoboam (Joshua 10 , 1 Samuel 17 , 2 Chronicles 11:9) ."
"Azotus","Azotus, also known as Ashdod, is one of the five Philistine cities mentioned in the Bible. In Acts 8:40 , it is where Philip the Evangelist was found after being transported by the Spirit of the Lord following his encounter with the Ethiopian eunuch."
"Baalah","Baalah is a town in the territory of Judah mentioned in the Bible. It is also known as Kirjath Jearim, where the Ark of the Covenant was kept before being moved to Jerusalem (Joshua 15:9-11) ."
"Bajith","Bajith is mentioned in Isaiah 15:2 as a high place in Moab where the people went to weep and worship. It is associated with the Moabite god Chemosh and symbolizes the idolatrous worship practices of the Moabites."
"Bamoth","Bamoth is a high place in Moab mentioned in Numbers 21:19-20. It is one of the places where the Israelites camped during their journey to the Promised Land."
"Bashan","Bashan was a fertile region east of the Jordan River, known for its rich pastures and mighty oak trees. It was conquered by the Israelites under Moses, and its king, Og, was defeated (Deuteronomy 3:1-13) ."
"Bethel","Bethel, meaning ‘House of God,’ is a significant city in the Bible. It was a central location in the lives of the patriarchs, where Jacob had his dream of a ladder reaching to heaven (Genesis 28:19) . It later became a site of idol worship during the divided kingdom period."
"Bether","Bether is mentioned in Song of Solomon 2:17 as a location associated with the mountains. The term ‘mountains of Bether’ is often interpreted symbolically in the context of the Song of Solomon."
"Bethul","Bethul is a town in the territory of Simeon, mentioned in Joshua 19:4. It was part of the inheritance given to Simeon within the land of Judah."
"Beulah","Beulah is mentioned in Isaiah 62:4 as a symbolic name for the land of Israel, meaning ‘married.’ It represents the renewed relationship between God and His people, as a land no longer desolate but delighting in the Lord."
"Bileam","Bileam is a town in the territory of Manasseh, mentioned in 1 Chronicles 6:70. It was given to the Levites as part of their inheritance."
"Bochim","Bochim, meaning ‘weepers,’ is the name given to the place where the Israelites wept after an angel of the Lord rebuked them for failing to drive out the inhabitants of the land (Judges 2:1-5) ."
"Bozrah","Bozrah is a significant city in Edom mentioned in Genesis 36:33, Isaiah 34:6 , and other passages. It was the capital of Edom and is frequently associated with prophecies of judgment against Edom."
"Cabbon","Cabbon is a town in the territory of Judah, mentioned in Joshua 15:40. It was part of the southern hill country of Judah."
"Cainan","Cainan is mentioned in Genesis 5:9-14 as a descendant of Adam through Seth. He lived 910 years and was the father of Mahalalel."
"Calneh","Calneh is a city mentioned in Genesis 10:10 as part of Nimrod’s kingdom in Shinar. It is also referenced in Amos 6:2 as an example of a powerful city."
"Canaan","Canaan is the name of the land promised to the descendants of Abraham, Isaac, and Jacob. It is also the name of the son of Ham, whose descendants populated this region (Genesis 9:18-27) . The land of Canaan later became the land of Israel."
"Carmel","Carmel is a mountain range in northern Israel mentioned in Joshua 12:22, known for its beauty and fertility. It is also the site of Elijah’s confrontation with the prophets of Baal (1 Kings 18) ."
"Cedron","Cedron, also known as the Kidron Valley, is a valley on the eastern side of Jerusalem mentioned in John 18:1. It is the place where Jesus crossed on his way to the Garden of Gethsemane before his arrest."
"Chebar","Chebar is a river in Babylonia, mentioned in the book of Ezekiel. It is where Ezekiel received his visions and prophecies during the Babylonian exile (Ezekiel 1:1-3) ."
"Chesil","Chesil is a town in the southern part of Judah, mentioned in Joshua 15:30. It was part of the territory allotted to the tribe of Judah."
"Chezib","Chezib is a town in the territory of Judah, mentioned in Genesis 38:5. It is the place where Judah’s wife gave birth to his son, Shelah."
"Chidon","The threshing floor of Chidon is mentioned in 1 Chronicles 13:9 as the place where Uzzah touched the Ark of the Covenant and was struck down by God."
"Clauda","Clauda is a small island mentioned in Acts 27:16, where Paul and his companions passed by during a storm on their way to Rome. It is located south of Crete in the Mediterranean Sea."
"Cnidus","Cnidus is a city on the southwestern coast of Asia Minor, mentioned in Acts 27:7. Paul’s ship struggled to pass by Cnidus due to unfavorable winds during his voyage to Rome."
"Cushan","Cushan is a region or people mentioned in Habakkuk 3:7. It is often identified with Cush, the region south of Egypt, or with the Midianites."
"Cuthah","Cuthah is a city in Babylonia mentioned in 2 Kings 17:24. The Assyrians brought people from Cuthah to repopulate the land of Israel after the Northern Kingdom was exiled."
"Cyprus","Cyprus is an island in the eastern Mediterranean mentioned frequently in the New Testament. It was the homeland of Barnabas and a key location in Paul’s missionary journeys (Acts 13:4) ."
"Cyrene","Cyrene is a city in North Africa mentioned in the New Testament. Simon of Cyrene was compelled to carry Jesus’ cross, and there were Jewish believers from Cyrene present at Pentecost (Acts 2:10 , Acts 11:20) ."
"Dannah","Dannah is a town in the hill country of Judah, mentioned in Joshua 15:49. It was part of the territory allotted to the tribe of Judah."
"Darkon","Darkon is mentioned in Ezra 2:56 and Nehemiah 7:58 as one of the families of the Nethinim who returned from the Babylonian exile. The Nethinim were temple servants who assisted the Levites."
"Dilean","Dilean is a town in the lowlands of Judah, mentioned in Joshua 15:38. It was part of the territory allotted to the tribe of Judah."
"Dimnah","Dimnah is a Levitical city in the territory of Zebulun, mentioned in Joshua 21:35. It was one of the cities given to the Levites."
"Dothan","Town in Israel where Joseph was sold by his brothers."
"Eglaim","A location mentioned in prophetic judgments against Moab (Isaiah 15:8) ."
"Emmaus","A village where the resurrected Jesus appeared to two of His disciples (Luke 24:13-35) ."
"Engedi","An oasis on the western shore of the Dead Sea, known as a refuge for David (1 Samuel 23:29 , 2 Chronicles 20:2) ."
"Eshean","A town in the hill country of Judah, mentioned in the tribal allotments (Joshua 15:52) ."
"Gallim","A town in Benjamin mentioned in the context of Saul’s family and the Assyrian invasion (1 Samuel 25:44 , Isaiah 10:30) ."
"Geshur","A region northeast of Israel, known for its Aramean king Talmai and his daughter Maacah, who was the mother of Absalom (2 Samuel 3:3 , 2 Samuel 13:37-38) ."
"Gibeah","A city in Benjamin, notorious for the crime that led to the near destruction of the tribe of Benjamin, and later the hometown of King Saul (Judges 19 -20, 1 Samuel 10:26) ."
"Gibeon","A significant Canaanite city whose inhabitants made a treaty with Joshua, later becoming a Levitical city (Joshua 9:3-27 , 1 Kings 3:4-5) ."
"Gilboa","A mountain range in Israel, where King Saul and his sons were killed in battle against the Philistines (1 Samuel 31:1-8 , 2 Samuel 1:6-21) ."
"Gilead","A mountainous region east of the Jordan River, known for its balm and association with several biblical figures (Genesis 31:21 , Jeremiah 8:22) ."
"Gilgal","An important location in the history of Israel, where the Israelites first camped after crossing the Jordan and where Saul was confirmed as king (Joshua 4:19-20 , 1 Samuel 11:14-15) ."
"Ginath","The father of Tibni, who contended for the throne of Israel after the death of King Zimri (1 Kings 16:21) ."
"Goshen","The region in Egypt where the Israelites settled during Joseph’s time, later becoming a place of refuge during the plagues (Genesis 45:10 , Exodus 8:22 , Joshua 10:41) ."
"Grecia","Refers to Greece, particularly in the prophetic visions in the book of Daniel."
"Greece","A region in the New Testament associated with the spread of the early church and Paul’s missionary journeys (Acts 16:9 , Acts 20:2) ."
"Hagaba","A person or family listed among the temple servants in Nehemiah."
"Halhul","A city in the hill country of Judah mentioned among the towns allotted to the tribe (Joshua 15:58) ."
"Hamath","A major city in Syria, often mentioned as a northern boundary of Israel and significant in various prophetic texts (Numbers 34:8 , 2 Kings 14:25 , Isaiah 10:9) ."
"Hammon","A Levitical city in the territory of Naphtali, listed among the cities given to the Levites (Joshua 21:32 , 1 Chronicles 6:76) ."
"Hareth","A forest in the territory of Judah where David hid from King Saul (1 Samuel 22:5) ."
"Hariph","A person listed among those who returned from exile, mentioned in Nehemiah."
"Hauran","A region east of the Jordan, mentioned in Ezekiel’s vision of the land’s borders."
"Hebron","A city in the hill country of Judah, associated with Abraham, the burial place of the patriarchs, and later David’s first capital (Genesis 13:18 , 2 Samuel 2:1-11 , Joshua 14:13-15) ."
"Helbah","A town in the territory of Asher, from which the Israelites did not expel the Canaanite inhabitants (Judges 1:31) ."
"Helbon","A city in Syria known for its wine, mentioned in the context of trade with Tyre (Ezekiel 27:18) ."
"Heleph","A person or family listed among those who returned from exile."
"Hemath","A place mentioned in the genealogies of the descendants of Judah (1 Chronicles 2:55) ."
"Hepher","A descendant of Manasseh, also the name of a town in Israel (Numbers 26:32 , 1 Kings 4:10) ."
"Hermon","A mountain on the northern border of Israel, often associated with the Transfiguration of Jesus and the source of the Jordan River (Deuteronomy 3:8-9 , Psalm 133:3 , Matthew 17:1-2) ."
"Hinnom","A valley south of Jerusalem, associated with child sacrifice in ancient times and later used as a symbol for hell (2 Kings 23:10 , Jeremiah 7:31 , Matthew 5:22) ."
"Horims","A person or place mentioned in the genealogies or lists."
"Hormah","A city in southern Canaan, originally known as Zephath, destroyed by the Israelites (Numbers 21:3 , Joshua 12:14) ."
"Hukkok","A town in the territory of Naphtali, mentioned among the towns in the tribal allotment (Joshua 19:34) ."
"Humtah","A town in the hill country of Judah, listed among the cities of the tribe (Joshua 15:54) ."
"Ibleam","A town in the territory of Manasseh, where King Ahaziah was killed by Jehu (2 Kings 9:27) ."
"Idalah","A town in the territory of Zebulun, mentioned in the tribal allotments (Joshua 19:15) ."
"Idumea","A tribe or location mentioned in biblical context."
"Irpeel","A location associated with prophetic visions or events."
"Ishtob","A person or family listed among those who returned from exile."
"Ishuah","A border or boundary described in the context of Israel’s land."
"Israel","The name given to Jacob after he wrestled with God, also the name of the nation descended from him (Genesis 32:28 , Exodus 19:3-6) ."
"Ithnan","A town in the territory of one of the tribes of Israel."
"Jaazer","A location linked with the exodus or conquest narratives."
"Jabbok","River in Jordan where Jacob wrestled with God, mentioned in Genesis."
"Jabesh","A town in Gilead, whose inhabitants were rescued by Saul from the Ammonites (1 Samuel 11:1-11 , 2 Samuel 2:4) ."
"Jabneh","A city or region involved in a significant biblical event."
"Jahaza","A person or place mentioned in the genealogies or lists."
"Jahzah","A town mentioned in the book of Joshua or Chronicles."
"Jattir","A town in the hill country of Judah, given to the priests (Joshua 15:48 , Joshua 21:14) ."
"Jearim","A significant city or region in biblical history."
"Jebusi","A station during the Israelites’ wilderness journey."
"Jeriel","A place mentioned in the context of the division of the land."
"Jeruel","A city or region involved in a significant biblical event."
"Jordan","River in Israel where John the Baptist baptized Jesus, mentioned throughout the Bible."
"Jotbah","The hometown of Meshullemeth, the mother of King Amon, mentioned in 2 Kings."
"Judaea","The Roman province where much of the New Testament events occur, including the ministry of Jesus."
"Juttah","A city in the hill country of Judah, given to the Levites, mentioned in Joshua."
"Kadesh","A city in the territory of Naphtali, also associated with Kadesh-barnea in the wilderness wanderings of Israel (Genesis 14:7 , Numbers 13:26) ."
"Karkaa","A location in the territory of Judah, mentioned in the book of Joshua."
"Karkor","A tribe or location mentioned in biblical context."
"Kartah","A town or city associated with a biblical event."
"Kartan","A mountain or region mentioned in the conquest of Canaan."
"Kedesh","A city of refuge in Naphtali, significant in the story of Barak and Deborah (Joshua 20:7 , Judges 4:6-10) ."
"Keilah","A city in Judah that David saved from the Philistines, later betrayed by its inhabitants (1 Samuel 23:1-12) ."
"Kenath","A station during the Israelites’ wilderness journey."
"Kidron","A valley on the eastern side of Jerusalem, associated with several key events in the Bible (2 Samuel 15:23 , John 18:1) ."
"Kishon","A river in northern Israel, significant in the victory of Deborah and Barak over Sisera (Judges 4:7 , 1 Kings 18:40) ."
"Kitron","A person or family listed among those who returned from exile."
"Lahmam","A region or city associated with a key biblical figure."
"Leshem","A city linked to the historical or prophetic books of the Bible."
"Libnah","A city in Judah that revolted against King Jehoram and is mentioned in several biblical battles (Joshua 10:29-32 , 2 Kings 8:22) ."
"Luhith","A place in the territory of one of the Israelite tribes."
"Lystra","A border or boundary described in the context of Israel’s land."
"Madian","A city or region involved in a significant biblical event."
"Maroth","A station during the Israelites’ wilderness journey."
"Mashal","A border or boundary described in the context of Israel’s land."
"Massah","A place mentioned in a prophecy or historical narrative."
"Mattan","The name of a priest of Baal killed by the people during Jehoiada’s reforms (2 Kings 11:18) ."
"Mearah","A location linked with the exodus or conquest narratives."
"Medeba","A place mentioned in the context of the division of the land."
"Melita","An island in the Mediterranean where Paul was shipwrecked and safely reached land (Acts 28:1) ."
"Mesech","A location associated with prophetic visions or events."
"Middin","A region or city associated with a key biblical figure."
"Midian","A location linked with the exodus or conquest narratives."
"Migdol","A location in the wilderness journey of the Israelites."
"Migron","A location mentioned in connection with the battle between Saul and the Philistines (1 Samuel 14:2) ."
"Misgab","A town or city associated with a biblical event."
"Mishal","A mountain or region mentioned in the conquest of Canaan."
"Mizpah","A city in Benjamin where the Israelites gathered to fight against the tribe of Benjamin (Judges 20:1-3 , 1 Samuel 7:5-6) ."
"Mizpeh","A station during the Israelites’ wilderness journey."
"Moriah","The region where Abraham was told to sacrifice Isaac, later the site of Solomon’s temple (Genesis 22:2 , 2 Chronicles 3:1) ."
"Mosera","A place mentioned in a prophecy or historical narrative."
"Naaran","A place mentioned in the context of the division of the land."
"Naioth","A tribe or location mentioned in biblical context."
"Nimrah","A place mentioned in the context of the division of the land."
"Nimrim","A city or region involved in a significant biblical event."
"Nineve","A location in the wilderness journey of the Israelites."
"Nophah","A town mentioned in the book of Joshua or Chronicles."
"Olivet","Another name for the Mount of Olives, a significant location in the ministry of Jesus (Luke 22:39) ."
"Ophrah","A significant city or region in biblical history."
"Paphos","A city or region involved in a significant biblical event."
"Parbar","A person or place mentioned in the genealogies or lists."
"Patara","A town or city associated with a biblical event."
"Patmos","The island where John was exiled and received the visions recorded in the Book of Revelation (Revelation 1:9) ."
"Peniel","A location associated with prophetic visions or events."
"Penuel","A place where Jacob wrestled with God and his name was changed to Israel (Genesis 32:30) ."
"Persia","A location linked with the exodus or conquest narratives."
"Pethor","A place mentioned in the context of the division of the land."
"Pisgah","A mountain in the land of Moab from which Moses viewed the Promised Land (Deuteronomy 3:27) ."
"Pithom","One of the store cities built by the Israelites in Egypt, mentioned in Exodus."
"Pontus","A region in Asia Minor, home to many early Christians, mentioned in Acts and 1 Peter."
"Rabbah","The capital of the Ammonites, captured by King David’s forces (2 Samuel 12:26-31) ."
"Rachab","Another spelling of Rahab, the Canaanite woman who hid the spies, mentioned in Matthew."
"Rachal","A town in southern Judah, mentioned in 1 Samuel as one of the places David sent spoils."
"Rakkon","A town near Joppa, in the territory of Dan, mentioned in the book of Joshua."
"Ramath","A town in the southern part of Judah, listed among the cities given to the tribe of Simeon."
"Ramoth","A town or city associated with a biblical event."
"Rechah","A place in the territory of one of the Israelite tribes."
"Remeth","A station during the Israelites’ wilderness journey."
"Remmon","A person or family listed among those who returned from exile."
"Rezeph","A place mentioned in a prophecy or historical narrative."
"Rhodes","A town in the territory of one of the tribes of Israel."
"Riblah","A region or city associated with a key biblical figure."
"Rissah","A place mentioned in the context of the division of the land."
"Salcah","A tribe or location mentioned in biblical context."
"Saphir","A station during the Israelites’ wilderness journey."
"Saraph","A person or family listed among those who returned from exile."
"Sardis","A city in Asia Minor and one of the seven churches addressed in the Book of Revelation (Revelation 3:1-6) ."
"Senaah","A town mentioned in the book of Joshua or Chronicles."
"Sephar","A town or city associated with a biblical event."
"Shalem","A border or boundary described in the context of Israel’s land."
"Shalim","A place mentioned in a prophecy or historical narrative."
"Shamir","A place mentioned in the context of the division of the land."
"Sharon","A fertile plain along the Mediterranean coast, known for its beauty (Song of Solomon 2:1 , Isaiah 35:2) ."
"Shebah","A town mentioned in the book of Joshua or Chronicles."
"Shemer","A mountain or region mentioned in the conquest of Canaan."
"Shenir","A place in the territory of one of the Israelite tribes."
"Shihor","A place mentioned in a prophecy or historical narrative."
"Shiloh","A city in the hill country of Ephraim where the Tabernacle was located before the building of the temple (Joshua 18:1) ."
"Shinar","A city or region involved in a significant biblical event."
"Shocho","A location described in the context of Israel’s geography."
"Shunem","A town or city associated with a biblical event."
"Sibmah","A town in the territory of Reuben, known for its vineyards (Numbers 32:38 , Isaiah 16:8-9) ."
"Sichem","A location associated with prophetic visions or events."
"Siddim","A station during the Israelites’ wilderness journey."
"Siloah","A place mentioned in a prophecy or historical narrative."
"Siloam","A pool in Jerusalem where Jesus healed a man born blind (John 9:7) ."
"Sirion","A person or place mentioned in the genealogies or lists."
"Smyrna","A city in Asia Minor and one of the seven churches addressed in the Book of Revelation (Revelation 2:8-11) ."
"Sodoma","A city linked to the historical or prophetic books of the Bible."
"Sychar","A place in the territory of one of the Israelite tribes."
"Sychem","A significant city or region in biblical history."
"Tadmor","A location in the wilderness journey of the Israelites."
"Tahath","A location described in the context of Israel’s geography."
"Tanach","A tribe or location mentioned in biblical context."
"Tarsus","The birthplace of the Apostle Paul, a city in Cilicia (Acts 9:11) ."
"Tekoah","Alternate spelling of Tekoa, a town in Judah, birthplace of the prophet Amos, mentioned in Chronicles."
"Tekoah","A location associated with prophetic visions or events."
"Telaim","A person or family listed among those who returned from exile."
"Temani","A location linked with the exodus or conquest narratives."
"Thebez","A city or region involved in a significant biblical event."
"Timnah","Town in the territory of Judah, mentioned in Genesis and Joshua."
"Tochen","A significant city or region in biblical history."
"Tophel","A station during the Israelites’ wilderness journey."
"Tophet","A person or family listed among those who returned from exile."
"Zaanan","A tribe or location mentioned in biblical context."
"Zaccai","A place in the territory of one of the Israelite tribes."
"Zalmon","One of David’s mighty men, also the name of a mountain near Shechem (2 Samuel 23:28 , Judges 9:48) ."
"Zanoah","A station during the Israelites’ wilderness journey."
"Zaphon","A person or family listed among those who returned from exile."
"Zareah","A border or boundary described in the context of Israel’s land."
"Zebaim","A city or region involved in a significant biblical event."
"Zeboim","A person or place mentioned in the genealogies or lists."
"Zelzah","A city linked to the historical or prophetic books of the Bible."
"Zereda","A station during the Israelites’ wilderness journey."
"Ziddim","A place mentioned in a prophecy or historical narrative."
"Ziklag","A city in the Negev given to David by the Philistine king Achish, where David lived during his time in exile (1 Samuel 27:6) ."
"Zophim","A person or place mentioned in the genealogies or lists."
"Zoreah","A town mentioned in the book of Joshua or Chronicles."
"Abdeel","Abdeel was one of the men commanded by King Jehoiakim to seize Baruch and Jeremiah."
"Abdiel","Abdiel was a leader of the tribe of Gad, a descendant of Guni."
"Abidah","Abidah was another name for Abida, a son of Midian and a grandson of Abraham by Keturah."
"Abidan","Leader of the tribe of Benjamin"
"Abihud","Abihud was a descendant of Benjamin, mentioned in the genealogy of Saul."
"Abijah","King of Judah"
"Abijam","King of Judah, son of Rehoboam"
"Abiram","Rebelled against Moses, son of Eliab"
"Abital","One of David’s wives"
"Abitub","Abitub was a descendant of Benjamin, a son of Shaharaim."
"Achbor","Father of Elnathan"
"Achish","Philistine king of Gath"
"Achsah","Daughter of Caleb"
"Adaiah","Priestly figure in the time of Hezekiah"
"Adalia","Adalia was one of the ten sons of Haman who were killed by the Jews in the time of Esther."
"Adbeel","Son of Ishmael"
"Adoram","In charge of forced labor under Rehoboam"
"Adriel","Husband of Merab, daughter of Saul"
"Aeneas","Man healed by Peter in the New Testament"
"Agabus","Prophet in the New Testament"
"Aharah","Aharah was a descendant of Benjamin, possibly another name for Ahiram."
"Ahasai","Ahasai was a priest who lived in Jerusalem after the exile."
"Ahihud","Descendant of Benjamin"
"Ahijah","Prophet during the reign of Jeroboam"
"Ahikam","Supporter of Jeremiah"
"Ahilud","Recorder under David and Solomon"
"Ahiman","One of the three sons of Anak"
"Ahiram","Ahiram was a descendant of Benjamin, mentioned in the genealogies."
"Ahitub","High priest, descendant of Eli"
"Aholah","Symbolic name in Ezekiel"
"Ahumai","Ahumai was a descendant of Judah, mentioned in the genealogies."
"Ahuzam","Ahuzam was a descendant of Judah, mentioned in the genealogies."
"Amalek","Descendant of Esau, enemy of Israel"
"Amasai","Leader of the tribe of Judah"
"Ammiel","One of the spies sent by Moses"
"Anaiah","A leader among the returned exiles"
"Anamim","Descendant of Mizraim, part of the genealogy of nations"
"Andrew","One of the twelve apostles of Jesus"
"Aphiah","Aphiah was an ancestor of King Saul, mentioned in the genealogies."
"Aphrah","Aphrah was a town in Israel, mentioned in the book of Micah."
"Aphses","Aphses was a priest in the division of Harim during the time of King David."
"Appaim","Descendant of Judah, mentioned in Chronicles"
"Apphia","Apphia was a Christian woman mentioned by Paul in his letter to Philemon."
"Aquila","Christian, husband of Priscilla, missionary with Paul"
"Aretas","Aretas was a king of Arabia who sought to capture Paul in Damascus."
"Arioch","Captain of the guard under King Nebuchadnezzar"
"Armoni","Armoni was the son of Saul and Rizpah, given to the Gibeonites for execution."
"Asahel","Nephew of David, known for his speed and bravery"
"Asaiah","Levite mentioned in Chronicles"
"Ashbea","Ashbea was a descendant of Judah, mentioned in the genealogies."
"Ashbel","Son of Benjamin, founder of a clan in Israel"
"Asriel","Descendant of Manasseh, founder of a clan in Israel"
"Asshur","Another name for Ashur, ancestor of the Assyrians"
"Atarah","Atarah was one of the wives of Jerahmeel, mentioned in the genealogies."
"Athlai","Athlai was one of those who had married foreign wives during the time of Ezra."
"Azriel","Leader of the tribe of Manasseh."
"Azubah","Wife of King Asa of Judah."
"Baalis","Baalis was the king of the Ammonites who plotted the assassination of Gedaliah."
"Baanah","One of the assassins of Ishbosheth."
"Baasha","King of Israel who overthrew the dynasty of Jeroboam."
"Bakbuk","Ancestor of a family of temple servants."
"Balaam","Prophet who was hired to curse Israel but ended up blessing them."
"Bariah","Bariah was a descendant of David, mentioned in the genealogies."
"Barkos","Ancestor of temple servants."
"Baruch","Scribe and companion of the prophet Jeremiah."
"Becher","Son of Benjamin, founder of the Becherites"
"Beerah","Beeraha was another name for Beera, a leader of the tribe of Reuben."
"Beninu","Beninu was one of the leaders who signed the covenant with Nehemiah."
"Benoni","Benoni was the original name given by Rachel to her son Benjamin, meaning ‘son of my sorrow.’"
"Beriah","Son of Asher, founder of a clan in Israel"
"Bichri","Father of Sheba, who led a rebellion against King David."
"Bidkar","Bidkar was the chariot officer of Jehu, who helped execute King Joram."
"Bigtha","Bigtha was one of the seven eunuchs who served King Ahasuerus of Persia."
"Bigvai","Leader of a group of returnees from Babylon."
"Bildad","One of Job’s friends who argued with him during his trials."
"Bilgah","Priestly family mentioned in Chronicles and Nehemiah."
"Bilgai","Bilgai was a priest who signed the covenant with Nehemiah."
"Bilhah","Rachel’s handmaid, mother of Dan and Naphtali."
"Bilhan","Descendant of Esau, mentioned in Genesis and Chronicles."
"Bimhal","Bimhal was a descendant of Asher, mentioned in the genealogies."
"Binnui","Ancestor of a family of returnees from Babylon."
"Birsha","Birsha was the king of Gomorrah who fought in the battle of the Vale of Siddim."
"Biztha","Biztha was one of the seven eunuchs who served King Ahasuerus (Xerxes) of Persia. He is mentioned in the Book of Esther as one of the officials who attended the king during his banquets."
"Caesar","Title for Roman emperors, several are mentioned in the New Testament."
"Calcol","Calcol was a wise man, a descendant of Zerah, whose wisdom was surpassed only by Solomon."
"Canaan","Descendant of Ham, ancestor of the Canaanites."
"Canneh","Canneh is mentioned in the Book of Ezekiel as one of the cities or trading centers associated with the city of Tyre. It was likely located in Mesopotamia, near Babylon."
"Carcas","Carcas was one of the seven eunuchs who served King Ahasuerus."
"Careah","Careah was the father of Johanan, who was a leader among the remnant of Judah left after the Babylonian conquest."
"Carpus","Carpus was a Christian in Troas with whom Paul left his cloak and books."
"Cephas","Aramaic name for Peter, one of the twelve apostles."
"Chelal","Chelal was one of those who had married foreign wives and was required to send them away during Ezra’s reforms."
"Chelub","Descendant of Caleb, mentioned in Chronicles."
"Cheran","Descendant of Seir, mentioned in Genesis."
"Chesed","Chesed was one of the sons of Nahor, Abraham’s brother. His name is associated with kindness or mercy."
"Coniah","Another name for Jehoiachin, king of Judah."
"Daniel","Prophet in the Old Testament, known for his faithfulness and the lion’s den."
"Darius","Name of several Persian kings, including the one who threw Daniel in the lion’s den."
"Dathan","Rebelled against Moses, mentioned in Exodus and Numbers."
"Diklah","Descendant of Joktan, mentioned in Genesis and Chronicles."
"Dishan","Descendant of Seir, mentioned in Genesis and Chronicles."
"Dishon","Descendant of Seir, brother of Dishan, mentioned in Genesis and Chronicles."
"Dorcas","Also known as Tabitha, a Christian woman known for her good works, raised from the dead by Peter."
"Eladah","Eladah was a descendant of Ephraim, mentioned in the genealogies of the tribe in 1 Chronicles."
"Elasah","Messenger sent by Jeremiah to Babylon, mentioned in the book of Jeremiah."
"Eldaah","Son of Midian, mentioned in Genesis and Chronicles."
"Eliada","Son of David, mentioned in Chronicles."
"Elidad","Elidad was a leader from the tribe of Benjamin appointed by Moses to help divide the land of Canaan among the tribes."
"Elijah","Prophet of Israel, known for his miracles and confrontation with the prophets of Baal."
"Elisha","Prophet, disciple and successor of Elijah."
"Elizur","Leader of the tribe of Reuben, mentioned in Numbers."
"Elnaam","Elnaam was the father of two of David’s mighty warriors, Jeribai and Joshaviah."
"Elpaal","Descendant of Benjamin, mentioned in Chronicles."
"Eluzai","Eluzai was one of the warriors who joined David at Ziklag when he was fleeing from Saul."
"Elymas","Elymas, also known as Bar-Jesus, was a sorcerer who opposed Paul and Barnabas during their missionary journey on the island of Cyprus."
"Ephlal","Ephlal was a descendant of Jerahmeel, mentioned in the genealogies of the tribe of Judah."
"Ephron","Hittite who sold Abraham the cave of Machpelah as a burial site for Sarah."
"Esaias","Greek form of Isaiah, used in the New Testament."
"Eshban","Descendant of Dishon, mentioned in Genesis."
"Eshcol","Valley in Hebron where the spies cut a cluster of grapes, mentioned in Numbers."
"Eshton","Descendant of Judah, mentioned in Chronicles."
"Esther","Jewish queen of Persia, known for saving her people from genocide."
"Ethnan","Ethnan was a descendant of Judah, listed in the genealogies of the tribe in 1 Chronicles."
"Eunice","Eunice was the mother of Timothy, a devout Jewish Christian who passed on her faith to her son."
"Festus","Roman governor who succeeded Felix, known for hearing Paul’s defense."
"Gabbai","Gabbai was a leader of the people of Benjamin who lived in Jerusalem after the return from the Babylonian exile."
"Gallio","Proconsul of Achaia who dismissed charges against Paul, mentioned in Acts."
"Gashmu","Gashmu, also known as Geshem, was an Arab leader who opposed the rebuilding of Jerusalem’s walls during the time of Nehemiah."
"Gazzam","Ancestor of temple servants who returned from Babylon, mentioned in Ezra and Nehemiah."
"Gedeon","Gedeon, also known as Gideon, was a judge of Israel who led a small army to victory over the Midianites, as recounted in the Book of Judges."
"Gehazi","Servant of Elisha, known for his greed and punishment with leprosy, mentioned in Kings."
"Gesham","Gesham, also known as Geshan, was a descendant of Caleb and is mentioned in the genealogies of the tribe of Judah."
"Geshem","Arabian who opposed Nehemiah’s efforts to rebuild Jerusalem, mentioned in Nehemiah."
"Gether","Descendant of Aram, mentioned in Genesis and Chronicles."
"Gibbar","Gibbar was a leader of the people who returned to Judah from the Babylonian exile, mentioned in the book of Ezra."
"Giddel","Ancestor of temple servants who returned from Babylon, mentioned in Ezra and Nehemiah."
"Gideon","Judge of Israel who defeated the Midianites with a small army, mentioned in Judges."
"Hadlai","Hadlai was one of the leaders of Ephraim who opposed King Ahaz of Judah’s decision to ally with Assyria."
"Haggai","Prophet who encouraged the rebuilding of the temple after the exile, mentioned in Ezra and the book of Haggai."
"Hakkoz","Hakkoz was the head of one of the priestly families in Israel, mentioned in the division of the priests by King David."
"Hamuel","Hamuel was a descendant of Judah, mentioned in the genealogies of the tribe in 1 Chronicles."
"Hanani","Brother of Nehemiah, mentioned in Nehemiah."
"Haniel","Haniel was a leader from the tribe of Asher, appointed by Moses to help divide the land of Canaan among the tribes."
"Hannah","Mother of Samuel, known for her prayer and vow."
"Hanoch","Son of Reuben, founder of the Hanochites, mentioned in Genesis and Numbers."
"Hareph","Hareph was a descendant of Caleb, mentioned in the genealogies of the tribe of Judah in 1 Chronicles."
"Harhas","Harhas was the grandfather of Shallum, the husband of Huldah the prophetess, mentioned in 2 Kings."
"Harhur","Ancestor of temple servants who returned from Babylon, mentioned in Ezra and Nehemiah."
"Haroeh","Haroeh was a descendant of Caleb, mentioned in the genealogies of the tribe of Judah in 1 Chronicles."
"Harsha","Ancestor of temple servants who returned from Babylon, mentioned in Ezra and Nehemiah."
"Hashem","Hashem was one of David’s mighty warriors, listed among the thirty men who served as his elite guard."
"Hashub","Levite who helped rebuild the wall of Jerusalem, mentioned in Nehemiah."
"Hashum","Ancestor of a family of returnees from Babylon, mentioned in Ezra and Nehemiah."
"Hasrah","Hasrah, also known as Harhas, was the grandfather of Shallum, the husband of Huldah the prophetess."
"Hatach","Servant of Queen Esther, mentioned in the book of Esther."
"Hatita","Gatekeeper in the temple, mentioned in Ezra and Nehemiah."
"Hattil","Ancestor of a family of temple servants, mentioned in Ezra and Nehemiah."
"Hazael","King of Aram who oppressed Israel, mentioned in Kings and Amos."
"Haziel","Haziel was a Levite mentioned in the genealogies of the tribe of Levi in 1 Chronicles."
"Heldai","One of David’s mighty warriors, also a leader of the temple craftsmen, mentioned in Chronicles and Zechariah."
"Helkai","Helkai was a priest who returned to Jerusalem after the Babylonian exile, mentioned in the Book of Nehemiah."
"Hemdan","Hemdan was a descendant of Seir the Horite, mentioned in the genealogies of the Horites in Genesis."
"Henoch","Another name for Enoch, mentioned in Genesis and Chronicles."
"Heresh","Heresh was a Levite mentioned in the genealogies of the tribe of Levi in 1 Chronicles."
"Hermas","Hermas was a Christian in Rome who is greeted by Paul in his letter to the Romans."
"Hermes","Hermes was a Christian in Rome who is greeted by Paul in his letter to the Romans."
"Hezeki","Hezeki was a descendant of Benjamin, mentioned in the genealogies of the tribe in 1 Chronicles."
"Hezion","Hezion was the father of Tabrimmon and the grandfather of Ben-Hadad, king of Aram, mentioned in 1 Kings."
"Hezrai","Hezrai was one of David’s mighty warriors, listed among the thirty men who served as his elite guard."
"Hezron","Descendant of Judah, ancestor of several clans, mentioned in Genesis and Chronicles."
"Hiddai","Hiddai was one of David’s mighty warriors, listed among the thirty men who served as his elite guard."
"Hillel","Father of Abdon, a judge of Israel, mentioned in Judges."
"Hodesh","Hodesh was the wife of Shaharaim, a descendant of Benjamin, mentioned in the genealogies of the tribe in 1 Chronicles."
"Hodiah","Hodiah was a descendant of Judah, mentioned in the genealogies of the tribe in 1 Chronicles."
"Hoglah","One of the daughters of Zelophehad, mentioned in Numbers and Joshua."
"Hophni","Son of Eli, known for his wickedness, mentioned in 1 Samuel."
"Hoshea","Last king of Israel before the Assyrian conquest, mentioned in Kings."
"Hotham","Hotham was a descendant of Asher, mentioned in the genealogies of the tribe in 1 Chronicles."
"Hothan","Hothan was a descendant of Asher, mentioned in the genealogies of the tribe in 1 Chronicles."
"Hothir","Son of Heman, one of the Levite musicians, mentioned in Chronicles."
"Huldah","Prophetess who confirmed the authenticity of the book of the law found during Josiah’s reign, mentioned in Kings and Chronicles."
"Hupham","Hupham was a descendant of Benjamin, the ancestor of the Huphamite clan, mentioned in the genealogies in Numbers."
"Huppah","Huppah was the head of one of the priestly courses established by King David, mentioned in 1 Chronicles."
"Huppim","Descendant of Benjamin, mentioned in Genesis and Chronicles."
"Hushah","Hushah was a descendant of Judah, mentioned in the genealogies of the tribe in 1 Chronicles."
"Hushai","Friend of David, served as a spy during Absalom’s rebellion, mentioned in Samuel."
"Husham","King of Edom, mentioned in Genesis and Chronicles."
"Hushim","Descendant of Benjamin, mentioned in Genesis and Chronicles."
"Huzzab","Huzzab is mentioned in the Book of Nahum as a figure associated with the downfall of Nineveh."
"Idbash","Idbash was a descendant of Judah, mentioned in the genealogies of the tribe in 1 Chronicles."
"Ikkesh","Father of Ira, one of David’s mighty warriors, mentioned in Samuel."
"Irijah","Officer who arrested the prophet Jeremiah, mentioned in Jeremiah."
"Isaiah","Prophet who authored the book of Isaiah, mentioned in Kings, Chronicles, and Isaiah."
"Ishbah","Ishbah was the father of Eshtemoa, a town in the territory of Judah mentioned in the genealogies of 1 Chronicles."
"Ishbak","Son of Abraham by Keturah, mentioned in Genesis and Chronicles."
"Ishiah","Ishiah was a descendant of the tribe of Benjamin, mentioned in the genealogies of the tribe in 1 Chronicles."
"Ishpan","Ishpan was a descendant of Benjamin, mentioned in the genealogies of the tribe in 1 Chronicles."
"Ishuai","Ishuai was a descendant of Asher, mentioned in the genealogies of the tribe in 1 Chronicles."
"Israel","Name given to Jacob after wrestling with God, father of the twelve tribes, mentioned throughout the Bible."
"Ithiel","Man to whom part of the book of Proverbs is addressed, mentioned in Proverbs."
"Ithmah","Ithmah was one of David’s mighty warriors, listed among the thirty men who served as his elite guard."
"Ithran","Descendant of Asher, mentioned in Chronicles."
"Izehar","Izehar was a descendant of Kohath, one of the clans of the Levites, mentioned in the genealogies in 1 Chronicles."
"Jaakan","Jaakan was a descendant of Seir the Horite, mentioned in the genealogies in the Book of Genesis."
"Jaalah","Jaalah was one of the Nethinim, a group of temple servants who returned to Jerusalem after the Babylonian exile."
"Jaalam","Son of Esau by Oholibamah, mentioned in Genesis and Chronicles."
"Jaanai","Jaanai was a descendant of Gad, mentioned in the genealogies of the tribe in 1 Chronicles."
"Jaasau","Jaasau was one of the men who had married foreign women during the time of Ezra and was called to repent."
"Jachan","Jachan was a descendant of Simeon, mentioned in the genealogies of the tribe in 1 Chronicles."
"Jachin","Priestly family, also the name of one of the pillars of Solomon’s temple, mentioned in Chronicles and Kings."
"Jaddua","High priest during the time of Nehemiah, mentioned in Nehemiah."
"Jahath","Levite who assisted in the reforms of King Josiah, mentioned in Chronicles."
"Jahdai","Jahdai was a descendant of Caleb, mentioned in the genealogies of the tribe in 1 Chronicles."
"Jahmai","Jahmai was a descendant of Manasseh, mentioned in the genealogies of the tribe in 1 Chronicles."
"Jairus","Synagogue leader whose daughter was raised from the dead by Jesus, mentioned in the Gospels."
"Jannes","Jannes was one of the magicians who opposed Moses in Egypt, mentioned in 2 Timothy."
"Janoah","Janoah was a city in the territory of Ephraim, mentioned in the conquests of Joshua."
"Japhia","King of Lachish defeated by Joshua, also the name of a son of David, mentioned in Joshua and Samuel."
"Jaroah","Jaroah was a descendant of Gad, mentioned in the genealogies of the tribe in 1 Chronicles."
"Jashen","Jashen was the father of some of David’s mighty warriors, mentioned in the list of David’s valiant men."
"Jasher","Possibly a reference to the ‘Book of Jasher,’ a lost biblical text, mentioned in Joshua and Samuel."
"Jashub","Descendant of Issachar, mentioned in Numbers and Chronicles."
"Jasiel","Jasiel was one of David’s mighty warriors, listed among the thirty men who served as his elite guard."
"Jeezer","Jeezer was a descendant of Manasseh, mentioned in the genealogies of the tribe in Numbers."
"Jehiah","Jehiah was a Levite who served as a doorkeeper of the ark during its transportation to Jerusalem."
"Jehiel","Name of several individuals, including a Levite musician, mentioned in Chronicles."
"Jehudi","Messenger sent by King Jehoiakim to fetch the scroll of Jeremiah, mentioned in Jeremiah."
"Jehush","Jehush was one of the sons of Esau, mentioned in the genealogies of the Edomites in Genesis."
"Jemima","Jemima was one of the daughters of Job, born to him after his trials and restoration."
"Jemuel","Descendant of Simeon, mentioned in Genesis and Exodus."
"Jeremy","Another name for Jeremiah, mentioned in the New Testament."
"Jeriah","Levite who oversaw the treasuries, mentioned in Chronicles."
"Jesher","Jesher was a descendant of Levi, mentioned in the genealogies of the tribe of Levi in 1 Chronicles."
"Jeshua","High priest who returned with Zerubbabel, mentioned in Chronicles, Ezra, and Nehemiah."
"Jesiah","Descendant of Simeon, mentioned in Chronicles."
"Jether","Name of several individuals, including a descendant of Esau, mentioned in Genesis and Chronicles."
"Jethro","Father-in-law of Moses, priest of Midian, mentioned in Exodus."
"Jeziah","Jeziah was one of the sons of Merari, mentioned in the genealogies of the Levites in 1 Chronicles."
"Jeziel","Jeziel was a descendant of Benjamin, mentioned in the genealogies of the tribe in 1 Chronicles."
"Jezoar","Jezoar was a descendant of Simeon, mentioned in the genealogies of the tribe in 1 Chronicles."
"Jibsam","Jibsam was a descendant of Issachar, mentioned in the genealogies of the tribe in 1 Chronicles."
"Jimnah","Jimnah was a descendant of Asher, mentioned in the genealogies of the tribe in Genesis."
"Joahaz","Joahaz was another name for Jehoahaz, a king of Judah who reigned briefly after the death of his father Josiah."
"Joanna","Follower of Jesus who supported His ministry, mentioned in the Gospels."
"Joelah","Joelah was one of the warriors who joined David at Ziklag, listed among the mighty men in 1 Chronicles."
"Joezer","Joezer was one of David’s mighty warriors, listed among the men who joined him at Ziklag in 1 Chronicles."
"Joiada","Name of several individuals, including a high priest during the reign of Joash, mentioned in Kings, Chronicles, and Nehemiah."
"Joktan","Descendant of Shem, mentioned in Genesis and Chronicles."
"Joseph","Son of Jacob and Rachel, known for his coat of many colors and his rise to power in Egypt, mentioned in Genesis."
"Joshah","Joshah was a descendant of Simeon, mentioned in the genealogies of the tribe in 1 Chronicles."
"Joshua","Successor of Moses, led the Israelites into the Promised Land, mentioned in the book of Joshua."
"Josiah","King of Judah known for his religious reforms, mentioned in Kings and Chronicles."
"Josias","Another name for Josiah, king of Judah, mentioned in the genealogy in Matthew."
"Jotham","King of Judah, known for his piety, mentioned in Kings and Chronicles."
"Judith","Judith was one of the wives of Esau, mentioned in the genealogies in Genesis."
"Julius","Roman centurion who escorted Paul to Rome, mentioned in Acts."
"Justus","Christian mentioned in the New Testament, known for his support of Paul, mentioned in Acts and Colossians."
"Kareah","Father of Johanan, a military leader after the fall of Jerusalem, mentioned in Jeremiah."
"Kelita","Levite who returned with Ezra, mentioned in Ezra and Nehemiah."
"Kemuel","Name of several individuals, including the father of Aram and a prince of Ephraim, mentioned in Genesis and Numbers."
"Kohath","Son of Levi, founder of the Kohathite clan, mentioned in Genesis, Exodus, and Chronicles."
"Laadah","Laadah was a descendant of Judah, mentioned in the genealogies of the tribe in 1 Chronicles."
"Laadan","Descendant of Levi, mentioned in Chronicles."
"Lamech","Descendant of Cain, known for his boastful speech, mentioned in Genesis."
"Lebana","Lebana was one of the Nethinim, a group of temple servants who returned to Jerusalem after the Babylonian exile."
"Lemuel","King mentioned in Proverbs, known for the advice his mother gave him."
"Loammi","Loammi was the son of the prophet Hosea, whose name means ‘not my people,’ symbolizing God’s rejection of Israel."
"Lucius","Christian mentioned in the New Testament, possibly a prophet or teacher, mentioned in Acts."
"Lysias","Roman commander who rescued Paul from a mob, mentioned in Acts."
"Maacah","Name of several individuals, including the wife of King David and the mother of King Asa, mentioned in Samuel and Kings."
"Maadai","Maadai was one of the men who had married foreign wives during the time of Ezra and was called to repent."
"Machir","Descendant of Manasseh, mentioned in Genesis and Chronicles."
"Mahali","Mahali was a descendant of Levi, mentioned in the genealogies of the tribe in 1 Chronicles."
"Mahath","Levite who assisted in the reforms of King Hezekiah, mentioned in Chronicles."
"Mahlah","One of the daughters of Zelophehad, known for petitioning for inheritance rights, mentioned in Numbers and Joshua."
"Mahlon","Son of Elimelech and Naomi, husband of Ruth, mentioned in the book of Ruth."
"Manaen","Manaen was a teacher and prophet in the church at Antioch, mentioned in the Book of Acts."
"Manoah","Father of Samson, mentioned in the book of Judges."
"Marcus","Roman name of John Mark, companion of Paul and Barnabas, mentioned in the Epistles."
"Martha","Sister of Mary and Lazarus, known for her hospitality to Jesus, mentioned in the Gospels."
"Matred","Mother of Mehetabel, mentioned in Genesis and Chronicles."
"Mehida","Ancestor of a family of temple servants who returned from exile, mentioned in Ezra and Nehemiah."
"Melchi","Ancestor of Jesus, mentioned in the genealogy in Luke."
"Melech","Descendant of Micah, mentioned in Chronicles."
"Melicu","Melicu was one of the priests who returned to Jerusalem after the Babylonian exile, mentioned in Nehemiah."
"Melzar","Steward of the king of Babylon, mentioned in the book of Daniel."
"Merari","Son of Levi, founder of the Merarite clan, mentioned in Genesis and Exodus."
"Meunim","The Meunim were a group of people who lived in the territory of Judah, mentioned in the list of those who returned from exile."
"Miamin","Priestly family, mentioned in Chronicles and Nehemiah."
"Mibhar","Mibhar was one of David’s mighty warriors, listed among the men who served as his elite guard."
"Mibsam","Descendant of Ishmael, mentioned in Genesis and Chronicles."
"Mibzar","Descendant of Esau, mentioned in Genesis and Chronicles."
"Michah","Alternate spelling of Micah, mentioned in the Old Testament."
"Michal","Daughter of King Saul, wife of David, known for her love and later disapproval of David, mentioned in Samuel."
"Michri","Michri was a descendant of Benjamin, mentioned in the genealogies of the tribe in 1 Chronicles."
"Midian","Son of Abraham by Keturah, ancestor of the Midianites, mentioned in Genesis and Exodus."
"Milcah","Daughter of Haran, wife of Nahor, mentioned in Genesis."
"Miriam","Sister of Moses and Aaron, prophetess, mentioned in Exodus and Numbers."
"Misham","Misham was a descendant of Benjamin, mentioned in the genealogies of the tribe in 1 Chronicles."
"Mishma","Descendant of Ishmael, mentioned in Genesis and Chronicles."
"Mizpar","Mizpar was one of the leaders who returned to Jerusalem after the Babylonian exile, mentioned in the Book of Ezra."
"Mizzah","Descendant of Seir, mentioned in Genesis and Chronicles."
"Mnason","Mnason was an early disciple of Jesus who provided hospitality to Paul and his companions during their journey to Jerusalem."
"Muppim","Muppim was one of the sons of Benjamin, mentioned in the genealogies of the tribe in Genesis."
"Naamah","Name of several individuals, including a wife of Solomon and a descendant of Cain, mentioned in Genesis and Kings."
"Naaman","Syrian commander healed of leprosy by Elisha, mentioned in Kings."
"Naarah","Wife of Ashur, mentioned in Chronicles."
"Naarai","Naarai was one of David’s mighty warriors, listed among the men who served as his elite guard."
"Naboth","Owner of a vineyard coveted by King Ahab, murdered at the instigation of Jezebel, mentioned in Kings."
"Nachon","Nachon was the owner of the threshing floor where Uzzah was struck down by God for touching the Ark of the Covenant."
"Nachor","Alternate spelling of Nahor, grandfather of Abraham, mentioned in Genesis."
"Nahari","Nahari was one of David’s mighty warriors, listed among the men who served as his elite guard."
"Nahash","Ammonite king who opposed Israel, mentioned in Samuel."
"Nahath","Descendant of Esau, mentioned in Genesis and Chronicles."
"Nathan","Prophet in the court of King David, known for confronting David about his sin with Bathsheba, mentioned in Samuel and Kings."
"Nekoda","Ancestor of a family of returnees from Babylon, mentioned in Ezra and Nehemiah."
"Nemuel","Descendant of Reuben, mentioned in Numbers and Chronicles."
"Nepheg","Son of Izhar, mentioned in Exodus and Chronicles."
"Nereus","Nereus was a Christian mentioned by Paul in his letter to the Romans, likely a member of the Roman church."
"Neriah","Father of Baruch, mentioned in Jeremiah."
"Neziah","Ancestor of a family of temple servants who returned from exile, mentioned in Ezra and Nehemiah."
"Nimrod","Mighty hunter before the Lord, associated with the founding of several cities, mentioned in Genesis."
"Nimshi","Father of Jehu, mentioned in Kings and Chronicles."
"Paarai","Paarai was one of David’s mighty warriors, listed among the men who served as his elite guard."
"Pagiel","Leader of the tribe of Asher during the Exodus, mentioned in Numbers."
"Parosh","Ancestor of a family of returnees from Babylon, mentioned in Ezra and Nehemiah."
"Paruah","Paruah was the father of Jehoshaphat, who served as one of King Solomon’s twelve district governors."
"Pasach","Pasach was a descendant of Esau, mentioned in the genealogies of the Edomites in Genesis."
"Paseah","Ancestor of a family of temple servants, mentioned in Ezra and Nehemiah."
"Pashur","Priest who opposed Jeremiah, mentioned in Jeremiah."
"Paulus","Paulus is another name for Paul, the apostle who spread the gospel to the Gentiles and authored many letters in the New Testament."
"Peleth","Descendant of Reuben, mentioned in Numbers."
"Peresh","Peresh was a descendant of Machir, the son of Manasseh, mentioned in the genealogies in 1 Chronicles."
"Perida","Perida was one of the families of temple servants who returned to Jerusalem after the Babylonian exile, mentioned in the Book of Nehemiah."
"Persis","Persis was a Christian woman mentioned by Paul in his letter to the Romans, noted for her hard work in the Lord."
"Peruda","Peruda was one of the families of temple servants who returned to Jerusalem after the Babylonian exile, mentioned in the Book of Nehemiah."
"Phalec","Phalec, also known as Peleg, was a descendant of Shem, mentioned in the genealogies in Genesis."
"Phallu","Phallu was the second son of Reuben, mentioned in the genealogies of the tribe in Genesis."
"Phalti","Phalti was the son of Laish who was given Michal, David’s wife, by King Saul after David fled from Saul, mentioned in 1 Samuel."
"Pharah","Pharah was a descendant of Judah, mentioned in the genealogies of the tribe in 1 Chronicles."
"Phares","Alternate spelling of Perez, mentioned in the genealogy in Matthew."
"Pharez","Another name for Perez, son of Judah, mentioned in Genesis and Chronicles."
"Philip","Name of several individuals, including one of the apostles and an evangelist, mentioned in the Gospels and Acts."
"Phurah","Servant of Gideon, mentioned in Judges."
"Phuvah","Phuvah was one of the sons of Issachar, mentioned in the genealogies of the tribe in Genesis."
"Pilate","Roman governor who presided over the trial of Jesus, mentioned in the Gospels."
"Pileha","Pileha was one of the leaders who signed the covenant to follow God’s law during the time of Nehemiah."
"Piltai","Piltai was a priest who returned to Jerusalem after the Babylonian exile, mentioned in the Book of Nehemiah."
"Pispah","Pispah was a descendant of Manasseh, mentioned in the genealogies of the tribe in 1 Chronicles."
"Pithon","Descendant of Benjamin, mentioned in Chronicles."
"Prisca","Prisca, also known as Priscilla, was a Christian woman who, along with her husband Aquila, worked closely with Paul in ministry, mentioned in the Book of Acts."
"Pudens","Pudens was a Christian mentioned by Paul in his second letter to Timothy, likely a member of the early Roman church."
"Putiel","Putiel was the father-in-law of Eleazar, the son of Aaron, mentioned in the Book of Exodus."
"Raamah","Descendant of Cush, mentioned in Genesis and Chronicles."
"Rabmag","Title of a Babylonian official, mentioned in Jeremiah."
"Rachel","Wife of Jacob, mother of Joseph and Benjamin, mentioned in Genesis."
"Raddai","Raddai was one of the sons of Jesse, the father of King David, mentioned in the genealogies in 1 Chronicles."
"Raguel","Raguel was the father-in-law of Moses, also known as Jethro, who advised Moses on the administration of justice, mentioned in the Book of Exodus."
"Ramiah","Ramiah was one of the men who had married foreign wives during the time of Ezra and was called to repent."
"Reaiah","Name of several individuals, including a descendant of Judah, mentioned in Chronicles."
"Rechab","Leader of the Rechabites, known for their vow of abstinence, mentioned in Kings and Jeremiah."
"Rephah","Rephah was a descendant of Ephraim, mentioned in the genealogies of the tribe in 1 Chronicles."
"Reuben","Firstborn son of Jacob and Leah, founder of the tribe of Reuben, mentioned throughout the Bible."
"Reumah","Reumah was a concubine of Nahor, the brother of Abraham, mentioned in the genealogies in Genesis."
"Rimmon","Name of a god worshipped by the Syrians, also the name of several towns, mentioned in Kings and Chronicles."
"Rinnah","Rinnah was a descendant of Judah, mentioned in the genealogies of the tribe in 1 Chronicles."
"Rizpah","Concubine of King Saul, known for her mourning over her sons, mentioned in Samuel."
"Roboam","Roboam is another name for Rehoboam, the son of Solomon and the first king of the southern kingdom of Judah."
"Rohgah","Rohgah was a descendant of Gad, mentioned in the genealogies of the tribe in 1 Chronicles."
"Sabtah","Sabtah was one of the sons of Cush, mentioned in the genealogies of the nations in Genesis."
"Sallai","Levite who returned from Babylon, mentioned in Nehemiah."
"Salmon","Father of Boaz, husband of Rahab, mentioned in Matthew and Luke."
"Salome","Follower of Jesus, present at the crucifixion and resurrection, mentioned in Mark."
"Samlah","King of Edom, mentioned in Genesis and Chronicles."
"Samson","Judge of Israel known for his strength and his downfall due to Delilah, mentioned in Judges."
"Samuel","Prophet who anointed the first two kings of Israel, mentioned in the books of Samuel."
"Sargon","Sargon was a king of Assyria who captured Samaria and carried the Israelites into exile, mentioned in the Book of Isaiah."
"Saruch","Saruch, also known as Serug, was a descendant of Shem and an ancestor of Abraham, mentioned in the genealogies in Genesis."
"Senuah","Senuah was a leader of the Benjamites who returned to Jerusalem after the Babylonian exile, mentioned in the Book of Nehemiah."
"Seorim","Seorim was a priest who served in the temple during the time of King David, mentioned in 1 Chronicles."
"Sethur","Sethur was one of the twelve spies sent by Moses to explore the land of Canaan, representing the tribe of Asher."
"Shaaph","Descendant of Judah, mentioned in Chronicles."
"Shamed","Descendant of Benjamin, mentioned in Chronicles."
"Shamer","Name of several individuals, including a descendant of Asher, mentioned in Chronicles."
"Shamir","Town in the territory of Judah, mentioned in Joshua and Chronicles."
"Shamma","Shamma was a descendant of Asher, mentioned in the genealogies of the tribe in 1 Chronicles."
"Sharai","Sharai was one of the men who had married foreign wives during the time of Ezra and was called to repent."
"Sharar","Sharar was the father of Ahiam, one of David’s mighty warriors, mentioned in the list of David’s valiant men."
"Shebam","Shebam was a town in the territory of Gad, mentioned in the context of the conquest of Canaan."
"Sheber","Sheber was a descendant of Caleb, mentioned in the genealogies of the tribe of Judah in 1 Chronicles."
"Shebna","Steward of King Hezekiah, mentioned in Kings and Isaiah."
"Shelah","Third son of Judah, mentioned in Genesis and Chronicles."
"Shephi","Shephi was a descendant of Esau, mentioned in the genealogies of the Edomites in Genesis."
"Shepho","Shepho was a descendant of Esau, mentioned in the genealogies of the Edomites in Genesis."
"Sherah","Sherah was a daughter of Ephraim who built the towns of Lower and Upper Beth-horon, mentioned in 1 Chronicles."
"Shilhi","Father of Azubah, mother of King Jehoshaphat, mentioned in Kings and Chronicles."
"Shimea","Name of several individuals, including a son of David, mentioned in Chronicles."
"Shimei","Name of several individuals, including a descendant of Benjamin, mentioned in Samuel, Kings, and Chronicles."
"Shimhi","Shimhi was a descendant of Simeon, mentioned in the genealogies of the tribe in 1 Chronicles."
"Shimma","Shimma was a descendant of Benjamin, mentioned in the genealogies of the tribe in 1 Chronicles."
"Shimon","Shimon was a descendant of Judah, mentioned in the genealogies of the tribe in 1 Chronicles."
"Shimri","Name of several individuals, including a descendant of Simeon, mentioned in Chronicles."
"Shinab","Shinab was the king of Admah who joined a coalition of kings against Chedorlaomer, mentioned in the Book of Genesis."
"Shiphi","Shiphi was a descendant of Judah, mentioned in the genealogies of the tribe in 1 Chronicles."
"Shisha","Shisha was the father of Elihoreph and Ahijah, who served as scribes in the court of King Solomon."
"Shobab","Son of David and Bathsheba, mentioned in Samuel and Chronicles."
"Shobai","Leader of the temple servants who returned from Babylon, mentioned in Ezra and Nehemiah."
"Shobal","Descendant of Seir, mentioned in Genesis and Chronicles."
"Shobek","Shobek was one of the leaders who sealed the covenant to follow God’s law during the time of Nehemiah, mentioned in Nehemiah."
"Shoham","Shoham was a Levite, mentioned in the genealogies of the tribe of Levi in 1 Chronicles."
"Shomer","Descendant of Asher, mentioned in Chronicles."
"Shuham","Shuham was the founder of the Shuhamites, a clan of the tribe of Benjamin, mentioned in the Book of Numbers."
"Simeon","Second son of Jacob and Leah, founder of the tribe of Simeon, mentioned in Genesis and throughout the Bible."
"Sippai","Sippai was a descendant of the giants who was slain by Sibbecai the Hushathite, mentioned in 1 Chronicles."
"Sisera","Canaanite commander defeated by Deborah and Barak, killed by Jael, mentioned in Judges."
"Sochoh","Sochoh was another name for Socho, a town in the territory of Judah, where the Philistines gathered for battle against Israel."
"Tabeal","Tabeal was a man whose son was proposed by Rezin and Pekah to be king of Judah, mentioned in the Book of Isaiah."
"Tabeel","Tabeel was the son of Tabeal, mentioned as a puppet king proposed by the enemies of Judah, mentioned in the Book of Isaiah."
"Tahrea","Tahrea was a descendant of Caleb, mentioned in the genealogies of the tribe of Judah in 1 Chronicles."
"Talmai","Name of several individuals, including a giant defeated by David’s men and the father of Maacah, mentioned in Genesis, Numbers, and Chronicles."
"Talmon","Levite gatekeeper, mentioned in Ezra and Nehemiah."
"Tartan","Assyrian title for a commander, mentioned in 2 Kings and Isaiah."
"Tatnai","Persian governor who opposed the rebuilding of the temple, mentioned in Ezra."
"Temeni","Temeni was a descendant of Asher, mentioned in the genealogies of the tribe in 1 Chronicles."
"Teresh","One of the eunuchs who conspired to assassinate King Ahasuerus, mentioned in Esther."
"Thamah","Thamah was one of the families of temple servants who returned to Jerusalem after the Babylonian exile, mentioned in the Book of Nehemiah."
"Thamar","Thamar, also known as Tamar, was the daughter-in-law of Judah who bore him twin sons, Perez and Zerah, mentioned in the Book of Genesis."
"Thomas","One of the twelve apostles, also known as ‘Doubting Thomas,’ mentioned in the Gospels."
"Tikvah","Father of Shallum, mentioned in Kings."
"Tirzah","Daughter of Zelophehad who petitioned for inheritance rights, also the name of a town in Israel, mentioned in Numbers and Kings."
"Tobiah","Ammonite official who opposed the rebuilding of Jerusalem, mentioned in Nehemiah."
"Urbane","Urbane, also known as Urbanus, was a Christian mentioned by Paul in his letter to the Romans, noted as a fellow worker in Christ."
"Urijah","Name of several individuals, including a priest, mentioned in Kings and Isaiah."
"Uzziah","King of Judah who reigned for 52 years, known for his pride and downfall, mentioned in Kings, Chronicles, and Isaiah."
"Uzziel","Son of Kohath, descendant of Levi, mentioned in Exodus and Chronicles."
"Vaniah","Vaniah was one of the men who had married foreign wives during the time of Ezra and was called to repent, mentioned in the Book of Ezra."
"Vashni","Vashni was the firstborn son of Samuel, but the text in 1 Chronicles suggests that Joel was actually the firstborn."
"Vashti","Queen of Persia who was deposed for refusing King Ahasuerus, mentioned in the book of Esther."
"Vophsi","Vophsi was the father of Nahbi, one of the twelve spies sent by Moses to explore the land of Canaan, representing the tribe of Naphtali."
"Zaavan","Zaavan was a descendant of Seir the Horite, mentioned in the genealogies in the Book of Genesis."
"Zabbai","Ancestor of a family who returned from Babylon, mentioned in Ezra and Nehemiah."
"Zabbud","Zabbud was one of the men who returned to Jerusalem after the Babylonian exile, mentioned in the Book of Ezra."
"Zaccur","Name of several individuals, including a leader of the tribe of Reuben, mentioned in Numbers and Nehemiah."
"Zacher","Zacher was a descendant of Benjamin, mentioned in the genealogies of the tribe in 1 Chronicles."
"Zalaph","Zalaph was the father of Shallum, who helped repair the walls of Jerusalem during the time of Nehemiah, mentioned in the Book of Nehemiah."
"Zatthu","Zatthu was one of the leaders who returned to Jerusalem after the Babylonian exile, mentioned in the Book of Ezra."
"Zebina","Zebina was one of the men who returned to Jerusalem after the Babylonian exile, mentioned in the Book of Ezra."
"Zemira","Zemira was a descendant of Benjamin, mentioned in the genealogies of the tribe in 1 Chronicles."
"Zephon","Zephon was a descendant of Gad, mentioned in the genealogies of the tribe in Genesis."
"Zeresh","Wife of Haman, known for advising him to build gallows for Mordecai, mentioned in Esther."
"Zereth","Zereth was a descendant of Judah, mentioned in the genealogies of the tribe in 1 Chronicles."
"Zeruah","Zeruah was the mother of Jeroboam, the first king of the northern kingdom of Israel, mentioned in 1 Kings."
"Zetham","Levite who served in the temple, mentioned in Chronicles."
"Zethan","Zethan was a descendant of Benjamin, mentioned in the genealogies of the tribe in 1 Chronicles."
"Zethar","Zethar was one of the seven eunuchs who served King Ahasuerus, mentioned in the Book of Esther."
"Zibeon","Descendant of Seir, ancestor of the Horites, mentioned in Genesis and Chronicles."
"Zibiah","Mother of King Joash of Judah, mentioned in Kings and Chronicles."
"Zichri","Name of several individuals, including a Levite and a warrior, mentioned in Chronicles."
"Zillah","Second wife of Lamech, mother of Tubal-cain, mentioned in Genesis."
"Zilpah","Maidservant of Leah, mother of Gad and Asher, mentioned in Genesis."
"Zimmah","Name of several individuals, including a Levite, mentioned in Chronicles."
"Zimran","Son of Abraham by Keturah, mentioned in Genesis and Chronicles."
"Ziphah","Ziphah was a descendant of Judah, mentioned in the genealogies of the tribe in 1 Chronicles."
"Zippor","Father of Balak, king of Moab, mentioned in Numbers and Joshua."
"Zithri","Zithri was a Levite, mentioned in the genealogies of the tribe of Levi in Exodus."
"Zoheth","Zoheth was a descendant of Judah, mentioned in the genealogies."
"Zophah","Descendant of Asher, mentioned in Chronicles."
"Zophai","Zophai was a Levite and a descendant of Kohath."
"Zophar","One of Job’s three friends, mentioned in the book of Job."
"Zuriel","Zuriel was a leader of the Levites, head of the family of Merari."
